{"cameraMode":{"drawMode":0,"name":"Shaded","section":"Shading Mode"},"sceneLighting":true,"audioPlay":false,"sceneViewState":{"showFog":true,"showMaterialUpdate":true,"showSkybox":true,"showFlares":true,"showImageEffects":true,"showParticleSystems":true},"in2DMode":false,"pivot":{"x":-100.28998565673828,"y":-115.40567779541016,"z":265.5313415527344},"rotation":{"x":-0.19959287345409394,"y":0.2581648826599121,"z":-0.05532918497920036,"w":-0.9441602826118469},"size":154.3017120361328,"orthographic":false}